Mr,Arnold,Williamson,Williamson Sporting Goods Ltd
Ms,Patricia,Icke,Icke Computing Ltd
Mr,Darryl,Sylvester,Sylvester Beverages Ltd
Ms,Zelda,Samuel,Samuel Cosmetics Ltd
Mr,Steven,Dewit,Dewit Skips Ltd
Mrs,Michelle,O'Neill,O'Neill Machinery Ltd
Mr,Alexander,Travis,Travis Health Products Ltd
Mrs,Xaria,Eckard,Eckard Cosmetics Ltd
Mr,Robert,Cromwell,Cromwell Beverages Ltd
Miss,Jane,Sutton,Sutton Logistics Ltd
Mr,Jerry,Norton,Norton Entertainment Ltd
Ms,Zelda,Kingfisher,Kingfisher Accountancy Services Ltd
Mr,Dennis,Collier,Collier Pet Supplies Ltd
Miss,Melinda,Duke,Duke Scaffolding Ltd
Mr,Oliver,Dawson,Dawson Party Supplies Ltd
Mrs,Melissa,Tattershall,Tattershall Party Supplies Ltd
Mr,James,Ackroyd,Ackroyd Entertainment Ltd
Miss,Isabelle,Bishop,North Point Security Ltd
Mr,Peter,Santini,Santini Express Ltd
Miss,Hilary,Powell,Powell Florists Ltd
Mr,Craig,Tasker,Tasker Double Glazing Ltd
Ms,Rachel,Greenwood,Greenwood Coverings Ltd
Mr,Ian,Sandler,Super Florists Ltd
Mrs,Janice,Saddleworth,Saddleworth Refrigeration Ltd
Mr,Ivan,Dooley,Silver Cleaning Products Ltd
Mrs,Anthea,Timpkins,Timpkins Tractors Ltd
Mr,Robert,Hobbs,Hobbs Printing Ltd
Ms,Christine,Oakley,Oakley Skips Ltd
Mr,Jamie,Hallworth,Hallworth Disposal Ltd
Miss,Lydia,Jennings,Jennings Crafts Ltd
Mr,Harry,Carter,Carter Fitness Products Ltd
Miss,Isabelle,Pinter,Pinter Tiles Ltd
Mr,Hugh,Tattershall,Tattershall Networks Ltd
Ms,Sally,Talisman,Talisman Security Ltd
Mr,Joseph,Doherty,Doherty Meat Packaging Ltd
Miss,Cynthia,Rathbone,Rathbone Cleaners Ltd
Mr,Clifford,Simmons,Simmons Business Services Ltd
Mrs,Rose,Simmons,West View Marketing Ltd
Mr,Glen,Moore,Moore Plant Hire Ltd
Mrs,Fiona,Saddlemore,Saddlemore Camping Supplies Ltd
Mr,Julian,Alexander,North View Exhibitions Ltd
Miss,Hannah,Newbry,Newbry Worktops Ltd
Mr,Aaron,Moore,Moore Worktops Ltd
Ms,Anna,Page,Page Cycles Ltd
Mr,Arnold,Rimshaw,Rimshaw Health Products Ltd
Miss,Tammy,Saunders,Saunders Training Ltd
Mr,Steven,Kendrick,Kendrick Beauty Treatments Ltd
Mrs,Paula,McDonald,North View Memorabilia Ltd
Mr,Brendan,Knowles,Citywide Supplements Ltd
Ms,Kimberley,Addler,Addler Recycling Ltd
Mrs,Santhiya,vellore,kandababu
Miss,Tabusri,Dhandu,ganesh
Mrs,pavan,dhandu
